{
  "meta": {
    "state": "NV",
    "input_csv": "data_output.csv",
    "output_png": "statewide_margin_pct_vs_percent_in_nv.png",
    "adjust_confidence_for_plotting": true,
    "plot_old_probability": true
  },
  "series": {
    "leader": {
      "x": [
        2.16,
        2.91,
        63.42,
        67.69,
        67.84,
        69.74,
        69.89,
        70.3,
        74.76,
        76.62,
        76.72
      ],
      "y": [
        73.78991596638656,
        76.37058823529412,
        63.23529411764706,
        59.95798319327731,
        64.95798319327731,
        58.319327731092436,
        51.63865546218487,
        55.0,
        53.90756302521008,
        58.319327731092436,
        58.319327731092436
      ],
      "color": [
        "red",
        "red",
        "blue",
        "blue",
        "blue",
        "blue",
        "blue",
        "blue",
        "blue",
        "blue",
        "blue"
      ],
      "marker": [
        "o",
        "o",
        "o",
        "o",
        "o",
        "o",
        "o",
        "o",
        "o",
        "o",
        "o"
      ]
    },
    "trailer": {
      "x": [
        2.16,
        2.91,
        63.42,
        67.69,
        67.84,
        69.74,
        69.89,
        70.3,
        74.76,
        76.62,
        76.72
      ],
      "y": [
        26.21008403361344,
        23.62941176470588,
        36.76470588235294,
        40.04201680672269,
        35.042016806722685,
        41.680672268907564,
        48.36134453781513,
        45.0,
        46.09243697478992,
        41.680672268907564,
        41.680672268907564
      ],
      "color": [
        "blue",
        "blue",
        "red",
        "red",
        "red",
        "red",
        "red",
        "red",
        "red",
        "red",
        "red"
      ],
      "marker": [
        "s",
        "s",
        "s",
        "s",
        "s",
        "s",
        "s",
        "s",
        "s",
        "s",
        "s"
      ]
    },
    "statewide_margin_pp": {
      "x": [
        2.16,
        2.91,
        63.42,
        67.69,
        67.84,
        69.74,
        69.89,
        70.3,
        74.76,
        76.62,
        76.72
      ],
      "y": [
        -43.532781853789714,
        -46.37277684467247,
        5.82855517691452,
        3.093496445022126,
        3.026407659273289,
        2.314576043093524,
        2.1408098447373405,
        1.9857581835243892,
        0.6542288748752014,
        0.9856776941815184,
        0.955504467597386
      ]
    },
    "leader_raw": {
      "x": [
        2.16,
        2.91,
        63.42,
        67.69,
        67.84,
        69.74,
        69.89,
        70.3,
        74.76,
        76.62,
        76.72
      ],
      "y": [
        73.78991596638656,
        76.37058823529412,
        63.23529411764706,
        59.95798319327731,
        64.95798319327731,
        58.319327731092436,
        51.63865546218487,
        55.0,
        53.90756302521008,
        58.319327731092436,
        58.319327731092436
      ],
      "color": [
        "red",
        "red",
        "blue",
        "blue",
        "blue",
        "blue",
        "blue",
        "blue",
        "blue",
        "blue",
        "blue"
      ],
      "marker": [
        "^",
        "^",
        "^",
        "^",
        "^",
        "^",
        "^",
        "^",
        "^",
        "^",
        "^"
      ]
    },
    "trailer_raw": {
      "x": [
        2.16,
        2.91,
        63.42,
        67.69,
        67.84,
        69.74,
        69.89,
        70.3,
        74.76,
        76.62,
        76.72
      ],
      "y": [
        0.0,
        0.0,
        0.0,
        0.0,
        0.0,
        3.319327731092437,
        26.638655462184875,
        10.0,
        8.907563025210084,
        3.319327731092437,
        3.319327731092437
      ],
      "color": [
        "blue",
        "blue",
        "red",
        "red",
        "red",
        "red",
        "red",
        "red",
        "red",
        "red",
        "red"
      ],
      "marker": [
        "v",
        "v",
        "v",
        "v",
        "v",
        "v",
        "v",
        "v",
        "v",
        "v",
        "v"
      ]
    }
  }
}