{
  "meta": {
    "state": "WI",
    "input_csv": "wi_data_output.csv",
    "output_png": "statewide_margin_pct_vs_percent_in_wi.png",
    "adjust_confidence_for_plotting": true,
    "plot_old_probability": true
  },
  "series": {
    "leader": {
      "x": [
        9.95,
        34.79,
        50.26,
        59.84,
        66.78,
        75.49,
        81.29,
        84.44,
        87.65
      ],
      "y": [
        50.0,
        61.666666666666664,
        78.01587301587301,
        83.80952380952381,
        84.60317460317461,
        89.60317460317461,
        84.60317460317461,
        89.60317460317461,
        90.0
      ],
      "color": [
        "red",
        "red",
        "red",
        "red",
        "red",
        "red",
        "red",
        "red",
        "red"
      ],
      "marker": [
        "o",
        "o",
        "o",
        "o",
        "o",
        "o",
        "o",
        "o",
        "o"
      ]
    },
    "trailer": {
      "x": [
        9.95,
        34.79,
        50.26,
        59.84,
        66.78,
        75.49,
        81.29,
        84.44,
        87.65
      ],
      "y": [
        50.0,
        38.333333333333336,
        21.984126984126988,
        16.19047619047619,
        15.396825396825392,
        10.396825396825392,
        15.396825396825392,
        10.396825396825392,
        10.0
      ],
      "color": [
        "blue",
        "blue",
        "blue",
        "blue",
        "blue",
        "blue",
        "blue",
        "blue",
        "blue"
      ],
      "marker": [
        "s",
        "s",
        "s",
        "s",
        "s",
        "s",
        "s",
        "s",
        "s"
      ]
    },
    "statewide_margin_pp": {
      "x": [
        9.95,
        34.79,
        50.26,
        59.84,
        66.78,
        75.49,
        81.29,
        84.44,
        87.65
      ],
      "y": [
        -8.101938749561015,
        -0.7546943969080147,
        -1.3191174847258793,
        -2.189198437940341,
        -3.3790533633295468,
        -3.909077660978191,
        -3.7830336136566345,
        -4.261523678148841,
        -4.409638116482341
      ]
    },
    "leader_raw": {
      "x": [
        9.95,
        34.79,
        50.26,
        59.84,
        66.78,
        75.49,
        81.29,
        84.44,
        87.65
      ],
      "y": [
        38.96825396825397,
        61.666666666666664,
        78.01587301587301,
        83.80952380952381,
        84.60317460317461,
        89.60317460317461,
        84.60317460317461,
        89.60317460317461,
        90.0
      ],
      "color": [
        "red",
        "red",
        "red",
        "red",
        "red",
        "red",
        "red",
        "red",
        "red"
      ],
      "marker": [
        "^",
        "^",
        "^",
        "^",
        "^",
        "^",
        "^",
        "^",
        "^"
      ]
    },
    "trailer_raw": {
      "x": [
        9.95,
        34.79,
        50.26,
        59.84,
        66.78,
        75.49,
        81.29,
        84.44,
        87.65
      ],
      "y": [
        0.0,
        1.666666666666666,
        8.015873015873016,
        8.80952380952381,
        9.603174603174603,
        4.603174603174603,
        4.603174603174603,
        4.603174603174603,
        3.0
      ],
      "color": [
        "blue",
        "blue",
        "blue",
        "blue",
        "blue",
        "blue",
        "blue",
        "blue",
        "blue"
      ],
      "marker": [
        "v",
        "v",
        "v",
        "v",
        "v",
        "v",
        "v",
        "v",
        "v"
      ]
    }
  }
}